Date,actual,selected_model,residual,absolute_error
2019-02-11,103503.7998,103317.68829804772,186.11150195226946,186.11150195226946
2019-02-12,103417.6202,103333.42611837757,84.1940816224378,84.1940816224378
2019-02-13,103380.7932,103237.5496701929,143.24352980710682,143.24352980710682
2019-02-14,103268.4249,103159.4002248885,109.02467511150462,109.02467511150462
2019-02-15,103231.0882,103029.94314203093,201.1450579690718,201.1450579690718
2019-02-16,103120.6787,102980.258907706,140.4197922940075,140.4197922940075
2019-02-17,103090.1377,102864.32486149724,225.81283850276668,225.81283850276668
2019-02-18,103090.1377,103009.17048393303,80.96721606697247,80.96721606697247
2019-02-19,103090.1377,102850.29947845424,239.83822154576774,239.83822154576774
2019-02-20,103085.1442,102845.40948412773,239.7347158722696,239.7347158722696
2019-02-21,103064.1905,102816.89142587432,247.2990741256799,247.2990741256799
2019-02-22,103179.9137,102773.99631762574,405.91738237426034,405.91738237426034
2019-02-23,103214.3464,102841.9355642398,372.41083576019446,372.41083576019446
2019-02-24,103255.787,102876.62545728218,379.1615427178185,379.1615427178185
2019-02-25,103255.787,102936.13654768918,319.65045231081604,319.65045231081604
2019-02-26,103111.9419,102969.60014873456,142.34175126544142,142.34175126544142
2019-02-27,103624.1668,102845.1810087955,778.9857912045118,778.9857912045118
2019-02-28,103729.1281,103297.06574173635,432.0623582636472,432.0623582636472
2019-03-01,103911.3286,103421.8823100681,489.4462899318896,489.4462899318896
2019-03-02,103958.9552,103595.34377272248,363.61142727751576,363.61142727751576
2019-03-03,103958.9552,103657.39573836752,301.55946163248154,301.55946163248154
2019-03-04,103959.1552,103680.7759879251,278.37921207489853,278.37921207489853
2019-03-05,104117.7204,103730.11105963978,387.6093403602281,387.6093403602281
2019-03-06,104116.5628,103914.3463020456,202.21649795440317,202.21649795440317
2019-03-07,104428.799,103910.79495148677,518.004048513234,518.004048513234
2019-03-08,104255.1658,104184.58033660788,70.58546339212626,70.58546339212626
2019-03-09,104279.7467,104033.17664228914,246.5700577108655,246.5700577108655
2019-03-10,104279.7467,104049.75438590373,229.99231409627828,229.99231409627828
2019-03-11,104279.7467,104075.26487657664,204.48182342336804,204.48182342336804
2019-03-12,104347.8515,104113.41568228476,234.43581771524623,234.43581771524623
2019-03-13,104459.1176,104168.74322599349,290.37437400651106,290.37437400651106
2019-03-14,104537.8862,104261.95225867385,275.93394132614776,275.93394132614776
2019-03-15,104695.386,104317.85147139058,377.53452860942343,377.53452860942343
2019-03-16,104772.298,104473.34176913032,298.9562308696768,298.9562308696768
2019-03-17,104772.2987,104551.20642227592,221.09227772407758,221.09227772407758
2019-03-18,104772.8654,104574.87230842232,197.99309157767857,197.99309157767857
2019-03-19,104875.0239,104605.43684759436,269.5870524056372,269.5870524056372
2019-03-20,104923.9816,104712.07157940984,211.91002059016319,211.91002059016319
2019-03-21,104988.1795,104745.55271910118,242.62678089881956,242.62678089881956
2019-03-22,105141.7345,104807.2336592931,334.5008407069108,334.5008407069108
2019-03-23,105432.7904,104951.7509941126,481.0394058873935,481.0394058873935
2019-03-24,105432.7904,105235.27706532583,197.51333467416407,197.51333467416407
2019-03-25,105433.7104,105269.47803555233,164.232364447671,164.232364447671
2019-03-26,105192.1372,105301.29022917428,-109.15302917428198,109.15302917428198
2019-03-27,104972.9499,105087.0804076093,-114.13050760929764,114.13050760929764
2019-03-28,105212.0734,104867.65799164076,344.41540835922933,344.41540835922933
2019-03-29,105165.755,105057.90524924826,107.84975075174589,107.84975075174589
2019-03-30,105158.1301,105023.1438551438,134.98624485619075,134.98624485619075
2019-03-31,105157.9005,104996.37515460048,161.52534539952467,161.52534539952467
2019-04-01,105158.9416,105012.19500905531,146.74659094469098,146.74659094469098
2019-04-02,105236.8176,105036.95605522153,199.86154477846867,199.86154477846867
2019-04-03,105030.3592,105118.80049398764,-88.44129398763471,88.44129398763471
2019-04-04,105080.7747,104928.2455919284,152.52910807159788,152.52910807159788
2019-04-05,105164.3151,104948.10220518398,216.21289481602435,216.21289481602435
2019-04-06,105191.1865,105018.41915414452,172.7673458554782,172.7673458554782
2019-04-07,105191.1865,105047.29467633544,143.89182366455498,143.89182366455498
2019-04-08,105191.397,105070.26369669076,121.13330330923782,121.13330330923782
2019-04-09,105384.4704,105105.87916138265,278.5912386173586,278.5912386173586
2019-04-10,105421.9075,105285.6892218136,136.21827818639576,136.21827818639576
2019-04-11,105516.237,105320.52923143568,195.7077685643162,195.7077685643162
2019-04-12,105512.0382,105406.20359165932,105.83460834067955,105.83460834067955
2019-04-13,105498.9636,105401.82073423488,97.14286576512677,97.14286576512677
2019-04-14,105465.0374,105387.98501459823,77.05238540176651,77.05238540176651
2019-04-15,105465.5374,105382.07047778774,83.46692221226112,83.46692221226112
2019-04-16,105307.6797,105419.48098714845,-111.80128714845341,111.80128714845341
2019-04-17,105016.5466,105284.29388922664,-267.7472892266378,267.7472892266378
2019-04-18,105200.4108,104996.937198758,203.4736012420035,203.4736012420035
2019-04-19,104973.8192,105313.1505171634,-339.3313171634072,339.3313171634072
2019-04-20,104973.8192,104940.13740358988,33.681796410121024,33.681796410121024
2019-04-21,104916.3338,104930.11660722656,-13.782807226569275,13.782807226569275
2019-04-22,104916.3338,104900.98466422004,15.349135779950302,15.349135779950302
2019-04-23,105382.0985,104921.46272166749,460.63577833250747,460.63577833250747
2019-04-24,105249.5738,105353.158765443,-103.58496544300579,103.58496544300579
2019-04-25,105272.2694,105252.05218050691,20.217219493089942,20.217219493089942
2019-04-26,105142.5957,105248.22036633082,-105.62466633081203,105.62466633081203
2019-04-27,104581.2214,105140.52891365354,-559.3075136535481,559.3075136535481
2019-04-28,104578.8708,104635.70866786588,-56.83786786587734,56.83786786587734
2019-04-29,104578.8708,104632.98370521962,-54.11290521961928,54.11290521961928
2019-04-30,104549.6458,104673.4444835862,-123.7986835861957,123.7986835861957
2019-05-01,104534.1971,104636.26035449514,-102.06325449513679,102.06325449513679
2019-05-02,104367.9365,104600.85556584208,-232.91906584208482,232.91906584208482
2019-05-03,104221.2534,104439.50283368403,-218.24943368403183,218.24943368403183
2019-05-04,103596.5079,104289.13365557171,-692.6257555717166,692.6257555717166
2019-05-05,103596.5079,103743.2961154996,-146.78821549960412,146.78821549960412
2019-05-06,103600.2258,103721.48841675234,-121.26261675234127,121.26261675234127
2019-05-07,103817.179,103737.17813111703,80.00086888296937,80.00086888296937
2019-05-08,103866.4662,103933.43316563337,-66.96696563337173,66.96696563337173
2019-05-09,104041.5843,103962.65802420926,78.92627579074178,78.92627579074178
2019-05-10,104308.8967,104113.27058143471,195.62611856528383,195.62611856528383
2019-05-11,104399.374,104367.00770392233,32.366296077670995,32.366296077670995
2019-05-12,104580.1422,104490.88294111732,89.25925888268102,89.25925888268102
2019-05-13,104580.3422,104691.30707899088,-110.96487899088243,110.96487899088243
2019-05-14,104832.3662,104746.06733591424,86.29886408576567,86.29886408576567
2019-05-15,104954.7437,104990.5213735465,-35.77767354648677,35.77767354648677
2019-05-16,105389.1143,105116.59191100912,272.52238899088115,272.52238899088115
2019-05-17,105731.1376,105523.12427763568,208.01332236432063,208.01332236432063
2019-05-18,105867.1571,105886.42761511636,-19.270515116368188,19.270515116368188
2019-05-19,105987.8047,106044.2730143284,-56.46831432840554,56.46831432840554
2019-05-20,105987.8047,106362.68394188186,-374.879241881863,374.879241881863
2019-05-21,105987.8047,106239.52744910684,-251.7227491068479,251.7227491068479
2019-05-22,106289.3999,106253.34175569731,36.05814430268947,36.05814430268947
2019-05-23,106417.7699,106553.2140903598,-135.44419035980536,135.44419035980536
2019-05-24,106497.298,106687.2787055658,-189.98070556580205,189.98070556580205
2019-05-25,107339.3584,106765.32745140296,574.0309485970356,574.0309485970356
2019-05-26,107339.3584,107584.99334828004,-245.63494828004332,245.63494828004332
2019-05-27,107341.1529,107641.62150451956,-300.4686045195558,300.4686045195558
2019-05-28,108062.9737,107669.94048937556,393.0332106244459,393.0332106244459
2019-05-29,108230.6258,108387.69893852806,-157.07313852806692,157.07313852806692
2019-05-30,108734.5226,108561.9742814148,172.54831858519174,172.54831858519174
2019-05-31,109338.1993,109049.10513878334,289.0941612166498,289.0941612166498
2019-06-01,109241.5338,109664.31185731712,-422.7780573171185,422.7780573171185
2019-06-02,109241.5338,109573.55568399256,-332.021883992551,332.021883992551
2019-06-03,109241.904,109594.1966562813,-352.29265628130815,352.29265628130815
2019-06-04,109591.0467,109650.2662301774,-59.21953017738997,59.21953017738997
2019-06-05,110014.0409,109981.48341683196,32.55748316804238,32.55748316804238
2019-06-06,110634.7041,110402.19463410311,232.5094658968883,232.5094658968883
2019-06-07,111823.8911,111005.76956562191,818.1215343780786,818.1215343780786
2019-06-08,112226.4654,112130.6911843839,95.77421561609663,95.77421561609663
2019-06-09,112226.4654,112557.5791731702,-331.1137731702038,331.1137731702038
2019-06-10,112226.8629,112587.22576039372,-360.362860393725,360.362860393725
2019-06-11,112620.1845,112613.5745535454,6.609946454598685,6.609946454598685
2019-06-12,113113.9208,113015.03144054976,98.88935945024423,98.88935945024423
2019-06-13,113541.1124,113501.97494230336,39.137457696633646,39.137457696633646
2019-06-14,113725.4313,113926.95359441146,-201.52229441146483,201.52229441146483
2019-06-15,114406.2389,114072.72924053464,333.5096594653587,333.5096594653587
2019-06-16,114406.8851,114712.19096347038,-305.3058634703775,305.3058634703775
2019-06-17,114449.3214,114763.0752821969,-313.7538821969065,313.7538821969065
2019-06-18,114684.1069,114837.3651886786,-153.25828867859673,153.25828867859673
2019-06-19,114897.444,115071.33445445496,-173.89045445495867,173.89045445495867
2019-06-20,115334.3655,115265.86966657457,68.49583342543337,68.49583342543337
2019-06-21,115644.8474,115659.71500711968,-14.867607119682361,14.867607119682361
2019-06-22,115739.8084,115972.26418148544,-232.45578148544882,232.45578148544882
2019-06-23,115642.0703,116052.00820291326,-409.9379029132542,409.9379029132542
2019-06-24,115642.2703,115963.59763418656,-321.327334186557,321.327334186557
2019-06-25,116120.1056,115992.7328985742,127.37270142578927,127.37270142578927
2019-06-26,116818.1425,116455.08711536248,363.055384637526,363.055384637526
2019-06-27,117879.7616,117112.59369552977,767.1679044702323,767.1679044702323
2019-06-28,118132.649,118141.02679082596,-8.377790825950797,8.377790825950797
2019-06-29,118319.5334,118380.1324478156,-60.59904781560181,60.59904781560181
2019-06-30,118335.8056,118538.08977486948,-202.28417486947728,202.28417486947728
2019-07-01,118335.8056,118763.7204092878,-427.91480928778765,427.91480928778765
2019-07-02,118335.9577,118646.41911056948,-310.4614105694782,310.4614105694782
2019-07-03,117178.7424,118669.46496083456,-1490.7225608345616,1490.7225608345616
2019-07-04,117456.6427,117603.85690621866,-147.21420621866127,147.21420621866127
2019-07-05,117511.1271,117753.38063903466,-242.2535390346602,242.2535390346602
2019-07-06,118420.2325,117793.97904249192,626.253457508079,626.253457508079
2019-07-07,118420.2325,118573.69711614032,-153.4646161403216,153.4646161403216
2019-07-08,118433.7956,118607.61421837437,-173.81861837436736,173.81861837436736
2019-07-09,118911.523,118617.3939093306,294.12909066940483,294.12909066940483
2019-07-10,119087.2279,119048.43797972528,38.789920274721226,38.789920274721226
2019-07-11,119159.0006,119238.24352435056,-79.24292435056122,79.24292435056122
2019-07-12,119209.8735,119285.65402415958,-75.78052415957791,75.78052415957791
2019-07-13,119234.953,119332.4122663208,-97.45926632080227,97.45926632080227
2019-07-14,119315.7048,119323.6819970973,-7.977197097294265,7.977197097294265
2019-07-15,119318.2048,119405.61918718394,-87.41438718393329,87.41438718393329
2019-07-16,119254.9241,119451.40850093012,-196.48440093011595,196.48440093011595
2019-07-17,119267.3966,119403.17579472356,-135.77919472356734,135.77919472356734
2019-07-18,119425.3119,119377.06095061183,48.25094938816619,48.25094938816619
2019-07-19,119570.8606,119507.13974952111,63.72085047888686,63.72085047888686
2019-07-20,119496.2554,119615.41165292884,-119.15625292884943,119.15625292884943
2019-07-21,119465.9919,119536.86035361791,-70.86845361792075,70.86845361792075
2019-07-22,119466.3077,119518.14001004578,-51.832310045778286,51.832310045778286
2019-07-23,119541.3899,119534.58067638129,6.80922361870762,6.80922361870762
2019-07-24,119235.5191,119605.74617870312,-370.2270787031157,370.2270787031157
2019-07-25,119104.9883,119304.52898145144,-199.54068145144265,199.54068145144265
2019-07-26,118976.7698,119135.51647983008,-158.7466798300884,158.7466798300884
2019-07-27,118808.1779,118988.31656384948,-180.13866384948778,180.13866384948778
2019-07-28,118808.1779,118819.65618622384,-11.478286223849864,11.478286223849864
2019-07-29,118808.9567,118822.69281442223,-13.736114422237733,13.736114422237733
2019-07-30,118886.2882,118840.3793651434,45.90883485660015,45.90883485660015
2019-07-31,118719.1264,118891.09184750413,-171.9654475041316,171.9654475041316
2019-08-01,118570.2834,118715.72751745414,-145.44411745414254,145.44411745414254
2019-08-02,118474.656,118542.28967089843,-67.63367089843086,67.63367089843086
2019-08-03,118475.3303,118426.8161086487,48.51419135130709,48.51419135130709
2019-08-04,118475.3303,118413.77464069315,61.55565930684679,61.55565930684679
2019-08-05,118424.8682,118393.35504773995,31.51315226004226,31.51315226004226
2019-08-06,118425.0787,118356.98126438798,68.09743561201321,68.09743561201321
2019-08-07,118092.5614,118338.35819126606,-245.79679126605333,245.79679126605333
2019-08-08,117757.2708,118015.7573034242,-258.4865034241957,258.4865034241957
2019-08-09,117476.853,117679.16768542703,-202.31468542703078,202.31468542703078
2019-08-10,117443.1064,117393.49446295382,49.61193704618199,49.61193704618199
2019-08-11,117443.1064,117323.4691531613,119.63724683869805,119.63724683869805
2019-08-12,117443.6529,117316.05452840633,127.59837159367453,127.59837159367453
2019-08-13,117227.1035,117317.59606059044,-90.49256059044274,90.49256059044274
2019-08-14,116999.4409,117101.20482197253,-101.76392197252426,101.76392197252426
2019-08-15,116811.0552,116856.0096938466,-44.95449384659878,44.95449384659878
2019-08-16,116186.9396,116653.92513362187,-466.9855336218752,466.9855336218752
2019-08-17,115988.861,116075.43721307525,-86.57621307524096,86.57621307524096
2019-08-18,115988.861,115844.18336938384,144.6776306161628,144.6776306161628
2019-08-19,116005.425,115828.52378695058,176.90121304942295,176.90121304942295
2019-08-20,116041.4204,115843.4665585541,197.95384144590935,197.95384144590935
2019-08-21,116111.5317,115862.51259271766,249.0191072823509,249.0191072823509
2019-08-22,116054.269,115894.23078946694,160.03821053306456,160.03821053306456
2019-08-23,115911.821,115800.79338561292,111.02761438707239,111.02761438707239
2019-08-24,115864.6044,115660.26937376145,204.3350262385502,204.3350262385502
2019-08-25,115727.3407,115596.60128271002,130.73941728998034,130.73941728998034
2019-08-26,115728.1953,115478.4363892942,249.7589107058011,249.7589107058011
2019-08-27,115639.7698,115494.56688309752,145.2029169024754,145.2029169024754
2019-08-28,115341.2976,115416.15408159308,-74.85648159307311,74.85648159307311
2019-08-29,115417.9123,115125.50525636625,292.4070436337497,292.4070436337497
2019-08-30,115392.5024,115163.4549288228,229.0474711771967,229.0474711771967
2019-08-31,114626.0208,115129.6972478154,-503.6764478154073,503.6764478154073
2019-09-01,114626.0208,114434.93785119947,191.08294880052563,191.08294880052563
2019-09-02,114626.0208,114581.88400777568,44.13679222432256,44.13679222432256
2019-09-03,114626.0208,114429.27295813413,196.74784186587203,196.74784186587203
2019-09-04,114598.7356,114420.68786040452,178.04773959548038,178.04773959548038
2019-09-05,114529.72,114384.32289716326,145.39710283673776,145.39710283673776
2019-09-06,114359.3787,114280.85622791406,78.52247208594054,78.52247208594054
2019-09-07,114675.4393,114086.52631974348,588.9129802565149,588.9129802565149
2019-09-08,114638.3088,114366.44110561848,271.8676943815226,271.8676943815226
2019-09-09,114639.3777,114363.51359593272,275.864104067281,275.864104067281
2019-09-10,114456.8792,114390.63805515692,66.24114484307938,66.24114484307938
2019-09-11,114380.2972,114234.02427908924,146.2729209107638,146.2729209107638
2019-09-12,113821.7188,114126.00181353687,-304.2830135368713,304.2830135368713
2019-09-13,113508.5293,113611.60242471148,-103.07312471148907,103.07312471148907
2019-09-14,113268.8118,113309.99751798758,-41.185717987580574,41.185717987580574
2019-09-15,113225.8316,113019.02017647316,206.811423526844,206.811423526844
2019-09-16,113231.138,112964.4899776985,266.6480223015096,266.6480223015096
2019-09-17,113164.0118,112969.51682710677,194.49497289322608,194.49497289322608
2019-09-18,112766.832,112891.30844794746,-124.47644794746884,124.47644794746884
2019-09-19,112885.6832,112494.52869005396,391.1545099460345,391.1545099460345
2019-09-20,112563.8156,112569.23610545992,-5.420505459915148,5.420505459915148
2019-09-21,112186.0202,112267.3385806912,-81.3183806911984,81.3183806911984
2019-09-22,112186.0202,111899.47567692252,286.5445230774785,286.5445230774785
2019-09-23,112190.078,111882.05511308144,308.0228869185521,308.0228869185521
2019-09-24,111216.1266,111890.82418618508,-674.6975861850806,674.6975861850806
2019-09-25,110622.1773,111015.005196076,-392.82789607600716,392.82789607600716
2019-09-26,110202.9583,110421.07383476604,-218.11553476603876,218.11553476603876
2019-09-27,109884.1875,109964.33971814068,-80.15221814067627,80.15221814067627
2019-09-28,109634.5453,109631.40225432084,3.143045679156785,3.143045679156785
2019-09-29,109634.5453,109366.01095837457,268.5343416254327,268.5343416254327
2019-09-30,109450.1625,109277.83764386985,172.32485613015888,172.32485613015888
2019-10-01,109174.3601,109085.41772772718,88.94237227282429,88.94237227282429
2019-10-02,108356.9831,108821.17235354074,-464.1892535407387,464.1892535407387
2019-10-03,106524.0207,108042.77029821972,-1518.7495982197288,1518.7495982197288
2019-10-04,105820.1672,106343.31271340612,-523.1455134061252,523.1455134061252
2019-10-05,105712.4254,105587.36054854988,125.06485145010811,125.06485145010811
2019-10-06,105712.4254,105412.98496074484,299.44043925515143,299.44043925515143
2019-10-07,105725.4134,105368.70023697962,356.7131630203803,356.7131630203803
2019-10-08,105715.8997,105362.7990922389,353.1006077610946,353.1006077610946
2019-10-09,105010.7058,105303.25592044771,-292.55012044771865,292.55012044771865
2019-10-10,104660.1577,104618.97798616672,41.179713833276764,41.179713833276764
2019-10-11,104488.8208,104285.93329969312,202.88750030688243,202.88750030688243
2019-10-12,104331.2908,104081.49575714348,249.79504285652365,249.79504285652365
2019-10-13,104356.3048,103894.55424190652,461.75055809348123,461.75055809348123
2019-10-14,104349.151,104066.96518954932,282.18581045068277,282.18581045068277
2019-10-15,104349.3924,103897.7859084421,451.60649155788997,451.60649155788997
2019-10-16,104265.8663,103892.0850854588,373.7812145411881,373.7812145411881
2019-10-17,103704.0477,103844.9310055909,-140.88330559090537,140.88330559090537
2019-10-18,103534.7349,103344.84489744944,189.89000255055726,189.89000255055726
2019-10-19,103441.2141,103177.6743499684,263.53975003160303,263.53975003160303
2019-10-20,103432.466,103088.43015101428,344.03584898571717,344.03584898571717
2019-10-21,103433.3676,103088.24917114366,345.11842885633814,345.11842885633814
2019-10-22,103146.7485,103136.98054566293,9.767954337075935,9.767954337075935
2019-10-23,103005.1384,102922.2104646305,82.92793536950194,82.92793536950194
2019-10-24,102639.3153,102730.5729688341,-91.25766883409233,91.25766883409233
2019-10-25,102686.6418,102397.76247850474,288.8793214952602,288.8793214952602
2019-10-26,102883.8489,102422.2768706405,461.5720293594932,461.5720293594932
2019-10-27,102906.9646,102609.64004411736,297.32455588264565,297.32455588264565
2019-10-28,103005.4054,102668.63695679266,336.7684432073438,336.7684432073438
2019-10-29,103162.8955,102813.86114794076,349.03435205924325,349.03435205924325
2019-10-30,105484.2778,103001.62746881606,2482.6503311839333,2482.6503311839333
2019-10-31,105478.1299,105140.33598982338,337.7939101766242,337.7939101766242
2019-11-01,105433.0487,105257.06906410395,175.97963589604478,175.97963589604478
2019-11-02,105306.8426,105125.44280857776,181.39979142224183,181.39979142224183
2019-11-03,105306.8426,104980.34746264036,326.4951373596414,326.4951373596414
2019-11-04,105306.8426,105027.94877120426,278.8938287957426,278.8938287957426
2019-11-05,105147.4114,105116.60401429106,30.807385708932998,30.807385708932998
2019-11-06,105043.8413,105049.18477822952,-5.343478229522589,5.343478229522589
2019-11-07,105097.8385,104881.79424855812,216.0442514418828,216.0442514418828
2019-11-08,106806.4989,104913.72265966152,1892.776240338484,1892.776240338484
2019-11-09,106914.5312,106539.5534102316,374.9777897683962,374.9777897683962
2019-11-10,106914.5312,106715.20012449608,199.33107550391287,199.33107550391287
2019-11-11,106914.899,106719.60806549188,195.29093450812798,195.29093450812798
2019-11-12,106761.0501,106739.25996559832,21.79013440167182,21.79013440167182
2019-11-13,106657.3729,106582.25659049729,75.11630950271501,75.11630950271501
2019-11-14,106605.2455,106499.75367579992,105.49182420008583,105.49182420008583
2019-11-15,106626.1932,106485.23043608888,140.96276391111314,140.96276391111314
2019-11-16,106565.3358,106445.71137213308,119.62442786691827,119.62442786691827
2019-11-17,106586.6483,106382.72342473907,203.92487526092737,203.92487526092737
2019-11-18,106310.1298,106413.03925210398,-102.90945210398058,102.90945210398058
2019-11-19,106419.5094,106186.89679291558,232.6126070844184,232.6126070844184
2019-11-20,106351.5275,106276.532641897,74.99485810298938,74.99485810298938
2019-11-21,106213.9554,106202.71219980776,11.243200192242512,11.243200192242512
2019-11-22,106241.5279,106033.77719121212,207.75070878787665,207.75070878787665
2019-11-23,106272.0464,106037.78646763964,234.25993236036447,234.25993236036447
2019-11-24,106239.5044,106061.6568155485,177.8475844515051,177.8475844515051
2019-11-25,106232.2672,106041.13689100133,191.1303089986759,191.1303089986759
2019-11-26,105705.6823,106072.95350628853,-367.2712062885257,367.2712062885257
2019-11-27,105930.5124,105589.58274517593,340.9296548240818,340.9296548240818
2019-11-28,105681.317,105753.54392621834,-72.22692621833994,72.22692621833994
2019-11-29,105328.6262,105472.81500798132,-144.1888079813216,144.1888079813216
2019-11-30,105099.3496,105120.87227321073,-21.52267321072577,21.52267321072577
2019-12-01,105131.2673,104873.53211291852,257.73518708148913,257.73518708148913
2019-12-02,105131.4673,104898.44988289951,233.017417100491,233.017417100491
2019-12-03,104847.3004,104904.52854620008,-57.22814620008285,57.22814620008285
2019-12-04,103837.1797,104653.0540730674,-815.8743730674032,815.8743730674032
2019-12-05,103817.7506,103690.76949244094,126.98110755905509,126.98110755905509
2019-12-06,103843.9824,103580.43652395291,263.5458760470792,263.5458760470792
2019-12-07,103245.261,103579.02899371552,-333.76799371551897,333.76799371551897
2019-12-08,103245.261,103024.33359113288,220.92740886712272,220.92740886712272
2019-12-09,103255.6653,102978.88175505154,276.7835449484555,276.7835449484555
2019-12-10,103222.6763,102989.92424586722,232.7520541327831,232.7520541327831
2019-12-11,103062.6556,102932.96610883746,129.68949116254225,129.68949116254225
2019-12-12,102904.2104,102780.49738356324,123.71301643675542,123.71301643675542
2019-12-13,102866.9666,102601.70437281896,265.26222718103963,265.26222718103963
2019-12-14,102704.561,102530.47809349376,174.08290650624258,174.08290650624258
2019-12-15,102699.0255,102390.4848068167,308.5406931832986,308.5406931832986
2019-12-16,102695.9755,102384.19441569169,311.78108430831344,311.78108430831344
2019-12-17,102690.1989,102404.71216366877,285.4867363312369,285.4867363312369
2019-12-18,102464.979,102399.04086108271,65.93813891729224,65.93813891729224
2019-12-19,101908.4133,102180.4421274374,-272.0288274374034,272.0288274374034
2019-12-20,101853.8669,101661.30824152436,192.55865847563837,192.55865847563837
2019-12-21,101761.8584,101579.22968942106,182.6287105789379,182.6287105789379
2019-12-22,101763.2273,101497.97018829832,265.2571117016778,265.2571117016778
2019-12-23,101763.2273,101512.9240969321,250.30320306790236,250.30320306790236
2019-12-24,101424.7004,101537.97834648965,-113.27794648964482,113.27794648964482
2019-12-25,101457.4831,101412.48499105808,44.99810894191614,44.99810894191614
2019-12-26,101457.4831,101395.09867791442,62.38442208558263,62.38442208558263
2019-12-27,101457.4831,101240.31513275778,217.16796724221786,217.16796724221786
2019-12-28,101127.9189,101231.38011695204,-103.46121695204056,103.46121695204056
2019-12-29,101129.5489,100926.0172630856,203.5316369143984,203.5316369143984
2019-12-30,101135.6156,100921.92183384106,213.69376615894726,213.69376615894726
2019-12-31,101173.0074,100961.5473671975,211.46003280249715,211.46003280249715
2020-01-01,101441.0989,101202.7471816874,238.35171831259504,238.35171831259504
2020-01-02,101441.6283,101268.74319540893,172.88510459107056,172.88510459107056
2020-01-03,102065.793,101217.75270643432,848.0402935656894,848.0402935656894
2020-01-04,102098.5953,101783.94868287256,314.6466171274369,314.6466171274369
2020-01-05,102126.6394,101864.6326032006,262.0067967993964,262.0067967993964
2020-01-06,102066.7612,101883.2479869765,183.5132130234997,183.5132130234997
2020-01-07,101924.6544,101878.32884712932,46.32555287067953,46.32555287067953
2020-01-08,101854.9346,101767.47615946396,87.4584405360365,87.4584405360365
2020-01-09,101851.1411,101692.03050453735,159.11059546264005,159.11059546264005
2020-01-10,101904.01,101693.7061502197,210.30384978029178,210.30384978029178
2020-01-11,101894.5498,101721.12337513044,173.42642486955447,173.42642486955447
2020-01-12,101894.5498,101716.62852779408,177.92127220591647,177.92127220591647
2020-01-13,101811.4992,101728.10916797465,83.39003202535969,83.39003202535969
2020-01-14,101781.2276,101685.6093534368,95.61824656320096,95.61824656320096
2020-01-15,101860.1896,101664.51838233296,195.67121766704076,195.67121766704076
2020-01-16,101997.3167,101731.25136369395,266.065336306041,266.065336306041
2020-01-17,102141.9539,101836.86832114818,305.08557885180926,305.08557885180926
2020-01-18,102234.7577,101946.87995802428,287.87774197572435,287.87774197572435
2020-01-19,102234.7577,102037.09627631772,197.66142368227884,197.66142368227884
2020-01-20,102231.8922,102056.71457911776,175.17762088224117,175.17762088224117
2020-01-21,102410.4412,102086.26343896615,324.17776103384676,324.17776103384676
2020-01-22,103250.5283,102267.2508261555,983.2774738445005,983.2774738445005
2020-01-23,103366.0384,103070.6025461096,295.43585389040527,295.43585389040527
2020-01-24,103362.1834,103206.30855450468,155.87484549531655,155.87484549531655
2020-01-25,103423.4369,103186.99418217056,236.4427178294427,236.4427178294427
2020-01-26,103472.698,103235.67074859976,237.02725140024268,237.02725140024268
2020-01-27,103472.785,103310.34239889708,162.44260110292817,162.44260110292817
2020-01-28,103400.6892,103355.64073809546,45.048461904530996,45.048461904530996
2020-01-29,103648.1647,103306.02868878732,342.1360112126713,342.1360112126713
2020-01-30,103662.3267,103490.31081330376,172.0158866962447,172.0158866962447
2020-01-31,103716.9313,103487.88052617323,229.05077382676245,229.05077382676245
2020-02-01,103609.0238,103531.212667446,77.81113255399396,77.81113255399396
2020-02-02,103609.0238,103417.42996298557,191.59383701442857,191.59383701442857
2020-02-03,103500.9088,103428.26397933062,72.64482066938945,72.64482066938945
2020-02-04,103485.1563,103356.17320856656,128.98309143344522,128.98309143344522
2020-02-05,103534.5486,103331.68500049536,202.8635995046352,202.8635995046352
2020-02-06,102761.5709,103346.35878310338,-584.787883103374,584.787883103374
2020-02-07,102342.7577,102629.25824544934,-286.50054544933664,286.50054544933664
2020-02-08,102453.5129,102190.63837432802,262.8745256719849,262.8745256719849
2020-02-09,102453.5129,102267.62217651556,185.89072348443733,185.89072348443733
2020-02-10,102467.6956,102284.03603712644,183.65956287356676,183.65956287356676
2020-02-11,102436.5769,102315.60560392872,120.97129607127863,120.97129607127863
2020-02-12,102437.7356,102265.54458806264,172.19101193736424,172.19101193736424
2020-02-13,102639.551,102219.29221554076,420.258784459249,420.258784459249
2020-02-14,102676.7218,102399.9835075464,276.7382924535923,276.7382924535923
2020-02-15,102535.5606,102443.58445232872,91.9761476712738,91.9761476712738
2020-02-16,102540.0291,102296.70627967874,243.32282032126386,243.32282032126386
2020-02-17,102540.0291,102475.8191951902,64.20990480980254,64.20990480980254
2020-02-18,102540.4291,102325.77007748336,214.6590225166292,214.6590225166292
2020-02-19,102546.2196,102324.07985438796,222.13974561203213,222.13974561203213
2020-02-20,102450.7976,102317.9833709894,132.81422901060432,132.81422901060432
2020-02-21,102460.6192,102214.99699071056,245.6222092894459,245.6222092894459
2020-02-22,102303.2545,102204.18578162696,99.06871837303333,99.06871837303333
2020-02-23,102303.9403,102061.2001809624,242.74011903759674,242.74011903759674
2020-02-24,102304.0653,102069.8337341533,234.23156584669778,234.23156584669778
2020-02-25,102237.405,102096.96332670643,140.44167329356424,140.44167329356424
2020-02-26,102274.6794,102038.55026919355,236.1291308064392,236.1291308064392
2020-02-27,102215.3975,102048.03191025824,167.36558974176296,167.36558974176296
2020-02-28,102340.5227,101989.24397448532,351.2787255146832,351.2787255146832
2020-02-29,102427.5404,102099.12591935824,328.41448064176075,328.41448064176075
2020-03-01,102428.2501,102195.14290611124,233.10719388876169,233.10719388876169
2020-03-02,102428.2846,102220.67975984632,207.60484015368274,207.60484015368274
2020-03-03,102306.6666,102258.08165167308,48.58494832691213,48.58494832691213
2020-03-04,102265.9072,102160.2520079894,105.65519201059942,105.65519201059942
2020-03-05,102048.7639,102115.56607785387,-66.80217785386776,66.80217785386776
2020-03-06,102022.5502,101932.36140167405,90.18879832595121,90.18879832595121
2020-03-07,102101.4431,101857.40312439098,244.03997560901917,244.03997560901917
2020-03-08,102101.4431,101916.23747336636,185.205626633644,185.205626633644
2020-03-09,102102.5369,101934.3339845192,168.2029154808115,168.2029154808115
2020-03-10,102203.6821,101957.52087971328,246.16122028672544,246.16122028672544
2020-03-11,102287.364,102050.53630747092,236.82769252908474,236.82769252908474
2020-03-12,102206.4152,102112.6483180098,93.76688199020282,93.76688199020282
2020-03-13,102302.9779,102038.94558738184,264.0323126181611,264.0323126181611
2020-03-14,102006.7054,102119.98216625083,-113.27676625082677,113.27676625082677
2020-03-15,101926.6546,101854.2213309488,72.43326905119466,72.43326905119466
2020-03-16,101910.3959,101783.59971355708,126.7961864429235,126.7961864429235
2020-03-17,101759.8648,101800.04786153026,-40.1830615302606,40.1830615302606
2020-03-18,101767.3745,101667.5478295135,99.8266704865091,99.8266704865091
2020-03-19,101704.1313,101648.68128794132,55.450012058674474,55.450012058674474
2020-03-20,101775.2615,101584.666373567,190.5951264329924,190.5951264329924
2020-03-21,101868.5308,101624.45029689572,244.08050310426916,244.08050310426916
2020-03-22,101868.5308,101719.20849321928,149.3223067807121,149.3223067807121
2020-03-23,101868.5308,101743.2177812262,125.31301877379883,125.31301877379883
2020-03-24,101190.8448,101767.2165388035,-576.3717388035002,576.3717388035002
2020-03-25,100482.6114,101166.3440962704,-683.7326962704101,683.7326962704101
2020-03-26,100002.3308,100477.06895601124,-474.7381560112408,474.7381560112408
2020-03-27,98978.50841,99992.80425475336,-1014.2958447533601,1014.2958447533601
2020-03-28,99097.97812,99035.02069092402,62.957429075977416,62.957429075977416
2020-03-29,99097.97812,99055.91216575317,42.065954246834735,42.065954246834735
2020-03-30,99192.06602,99046.05149713952,146.01452286048152,146.01452286048152
2020-03-31,99338.72412,99115.40628568691,223.31783431308577,223.31783431308577
2020-04-01,99206.63067,99236.37381105326,-29.743141053259023,29.743141053259023
2020-04-02,98711.68575,99087.27663974928,-375.59088974927727,375.59088974927727
2020-04-03,98769.62351,98609.19816565068,160.42534434932168,160.42534434932168
2020-04-04,99045.81635,98656.58304401668,389.23330598331813,389.23330598331813
2020-04-05,99045.81635,98900.72191572336,145.09443427663064,145.09443427663064
2020-04-06,99045.81635,98929.32607163982,116.49027836017194,116.49027836017194
2020-04-07,98992.83454,98959.000792263,33.833747736993246,33.833747736993246
2020-04-08,99103.15189,98910.9076791995,192.2442108004907,192.2442108004907
2020-04-09,99112.06602,99001.52702181465,110.53899818535137,110.53899818535137
2020-04-10,99152.60081,99225.28368707695,-72.68287707694981,72.68287707694981
2020-04-11,99152.60081,99099.85448024314,52.74632975686109,52.74632975686109
2020-04-12,99071.48762,99103.96962229964,-32.48200229964277,32.48200229964277
2020-04-13,99071.48762,99043.72468500366,27.762934996339027,27.762934996339027
2020-04-14,99071.48762,99076.68468322736,-5.19706322735874,5.19706322735874
2020-04-15,98838.7004,99103.68605130784,-264.9856513078412,264.9856513078412
2020-04-16,98895.93749,98894.6907274152,1.2467625847930321,1.2467625847930321
2020-04-17,98733.6666,98943.89697682756,-210.23037682755967,210.23037682755967
2020-04-18,98848.9916,98809.39250639331,39.59909360668098,39.59909360668098
2020-04-19,98848.9916,98925.97641107976,-76.98481107976113,76.98481107976113
2020-04-20,98848.9916,98982.22699303656,-133.23539303656435,133.23539303656435
2020-04-21,98843.11342,99043.3732145646,-200.2597945646121,200.2597945646121
2020-04-22,98916.23104,99075.96057874923,-159.72953874923405,159.72953874923405
2020-04-23,99295.51817,99137.3517150874,158.16645491259987,158.16645491259987
2020-04-24,99774.61128,99463.11461482014,311.49666517986043,311.49666517986043
2020-04-25,100063.1491,99910.41147299798,152.7376270020177,152.7376270020177
2020-04-26,100103.4062,100200.5140381286,-97.10783812860609,97.10783812860609
2020-04-27,100103.5527,100268.24672837848,-164.69402837847883,164.69402837847883
2020-04-28,100145.3911,100304.28779653615,-158.89669653616147,158.89669653616147
2020-04-29,100274.44,100368.4348479411,-93.99484794109594,93.99484794109594
2020-04-30,100479.5173,100501.62195557772,-22.104655577713856,22.104655577713856
2020-05-01,100850.2709,100709.6318837747,140.6390162253083,140.6390162253083
2020-05-02,100910.9323,101062.88585018848,-151.95355018848204,151.95355018848204
2020-05-03,100910.9323,101126.66733673603,-215.7350367360341,215.7350367360341
2020-05-04,100912.3121,101148.1009847878,-235.78888478780573,235.78888478780573
2020-05-05,101158.6067,101186.88512927816,-28.278429278158,28.278429278158
2020-05-06,101630.191,101440.6113320244,189.5796679756022,189.5796679756022
2020-05-07,102172.2149,101897.497451052,274.7174489480094,274.7174489480094
2020-05-08,103072.6473,102428.8748402156,643.7724597843917,643.7724597843917
2020-05-09,103250.5018,103298.1852780934,-47.68347809340048,47.68347809340048
2020-05-10,103459.6683,103500.7073515892,-41.03905158919224,41.03905158919224
2020-05-11,103460.7483,103731.4539248648,-270.7056248648005,270.7056248648005
2020-05-12,103735.6432,103787.64297917816,-51.999779178149765,51.999779178149765
2020-05-13,104088.6799,104075.475499381,13.20440061899717,13.20440061899717
2020-05-14,105081.6029,104427.37787754663,654.2250224533636,654.2250224533636
2020-05-15,105624.5453,105396.0801469408,228.46515305919456,228.46515305919456
2020-05-16,105878.7954,105932.49151647526,-53.69611647525744,53.69611647525744
2020-05-17,105878.7954,106192.55950444096,-313.7641044409538,313.7641044409538
2020-05-18,105878.7954,106387.65869884446,-508.86329884445877,508.86329884445877
2020-05-19,105879.7193,106260.92838746216,-381.20908746216446,381.20908746216446
2020-05-20,107409.3968,106280.33164610303,1129.0651538969687,1129.0651538969687
2020-05-21,108206.5057,107764.53089192144,441.97480807855027,441.97480807855027
2020-05-22,108863.9052,108558.6229029533,305.282297046695,305.282297046695
2020-05-23,110017.1553,109181.63754249428,835.5177575057169,835.5177575057169
2020-05-24,110388.193,110284.44856251696,103.74443748303747,103.74443748303747
2020-05-25,110389.7901,110706.98728393254,-317.1971839325415,317.1971839325415
2020-05-26,110335.469,110765.93864418856,-430.4696441885608,430.4696441885608
2020-05-27,110464.6318,110767.37423050792,-302.74243050791847,302.74243050791847
2020-05-28,111009.4318,110846.8893101641,162.54248983590514,162.54248983590514
2020-05-29,111503.2692,111374.17530726457,129.0938927354291,129.0938927354291
2020-05-30,112856.2934,111875.9756711364,980.3177288635925,980.3177288635925
2020-05-31,112966.512,113161.40528531224,-194.89328531223873,194.89328531223873
2020-06-01,113154.3962,113326.135171756,-171.73897175599996,171.73897175599996
2020-06-02,113927.2383,113536.24337915078,390.99492084921803,390.99492084921803
2020-06-03,115288.2774,114288.54610387808,999.7312961219286,999.7312961219286
2020-06-04,117347.0183,115629.03859840236,1717.9797015976364,1717.9797015976364
2020-06-05,118344.1549,117648.9924369432,695.1624630567967,695.1624630567967
2020-06-06,119272.9034,118659.17755273456,613.7258472654357,613.7258472654357
2020-06-07,119872.9487,119507.08266698662,365.86603301337163,365.86603301337163
2020-06-08,119872.9487,120149.0057413592,-276.0570413592068,276.0570413592068
2020-06-09,120332.0833,120234.73588727224,97.34741272775864,97.34741272775864
2020-06-10,121338.1209,120723.3793351464,614.7415648535971,614.7415648535971
2020-06-11,122270.5866,121714.10719823932,556.4794017606764,556.4794017606764
2020-06-12,122598.8017,122605.4871481975,-6.68544819750241,6.68544819750241
2020-06-13,122629.6987,122892.75949105594,-263.06079105594836,263.06079105594836
2020-06-14,122629.6987,122895.20099984008,-265.50229984008183,265.50229984008183
2020-06-15,122630.3098,122901.36786065211,-271.0580606521107,271.0580606521107
2020-06-16,123286.6151,122953.40035607477,333.2147439252294,333.2147439252294
2020-06-17,124526.417,123601.6457246086,924.7712753913947,924.7712753913947
2020-06-18,126140.9153,124780.15584675154,1360.7594532484509,1360.7594532484509
2020-06-19,126758.6577,126290.5374511626,468.1202488373965,468.1202488373965
2020-06-20,126820.8693,126887.55462423028,-66.685324230275,66.685324230275
2020-06-21,126820.8693,126929.63223573912,-108.76293573911244,108.76293573911244
2020-06-22,126821.3193,126926.91394628782,-105.59464628782007,105.59464628782007
2020-06-23,127756.1187,126985.54400160733,770.5746983926801,770.5746983926801
2020-06-24,128253.9058,127920.50009845482,333.405701545169,333.405701545169
2020-06-25,131057.1014,128428.6610851524,2628.4403148475976,2628.4403148475976
2020-06-26,132036.8656,131099.08590671452,937.779693285469,937.779693285469
2020-06-27,132095.2926,132119.32131048312,-24.02871048313682,24.02871048313682
2020-06-28,132282.1166,132180.8604257196,101.2561742803955,101.2561742803955
2020-06-29,132565.5283,132349.2805178789,216.2477821210923,216.2477821210923
2020-06-30,133183.6995,132698.74077546294,484.9587245370494,484.9587245370494
2020-07-01,133594.3511,133497.95460001094,96.39649998905952,96.39649998905952
2020-07-02,133598.2702,133758.54362490354,-160.27342490354204,160.27342490354204
2020-07-03,135002.3896,133662.17665156894,1340.2129484310572,1340.2129484310572
2020-07-04,135127.9755,134919.235646897,208.73985310300486,208.73985310300486
2020-07-05,135697.4648,135071.99904396432,625.4657560356718,625.4657560356718
2020-07-06,135780.4265,135617.616190128,162.8103098720021,162.8103098720021
2020-07-07,135577.9718,135723.44604278792,-145.4742427879246,145.4742427879246
2020-07-08,134957.0356,135538.5625833716,-581.5269833715865,581.5269833715865
2020-07-09,134197.87,134908.52969467035,-710.6596946703503,710.6596946703503
2020-07-10,133249.0301,134181.2056495337,-932.1755495336838,932.1755495336838
2020-07-11,133212.5438,133231.8566409133,-19.312840913276887,19.312840913276887
2020-07-12,133212.5438,133148.67386805557,63.869931944442214,63.869931944442214
2020-07-13,133212.284,133143.56051152124,68.72348847877583,68.72348847877583
2020-07-14,132777.8289,133139.52510559643,-361.69620559643954,361.69620559643954
2020-07-15,132482.7499,132719.62997502062,-236.88007502062828,236.88007502062828
2020-07-16,132356.4455,132383.51279862263,-27.067298622627277,27.067298622627277
2020-07-17,132323.6829,132183.88629238907,139.7966076109442,139.7966076109442
2020-07-18,131672.4137,132106.6706994701,-434.2569994700898,434.2569994700898
2020-07-19,131365.8459,131471.63532447763,-105.78942447763984,105.78942447763984
2020-07-20,131365.8159,131157.1404492031,208.6754507968726,208.6754507968726
2020-07-21,131368.6838,131150.1372811723,218.54651882770122,218.54651882770122
2020-07-22,130924.417,131157.75111168515,-233.33411168515158,233.33411168515158
2020-07-23,130360.912,130708.52915903986,-347.61715903985896,347.61715903985896
2020-07-24,129478.2525,130135.23226225749,-656.9797622574843,656.9797622574843
2020-07-25,129452.5371,129215.51899678585,237.01810321415542,237.01810321415542
2020-07-26,129452.5371,129112.29902185385,340.2380781461543,340.2380781461543
2020-07-27,129494.2481,129089.65006105296,404.5980389470351,404.5980389470351
2020-07-28,128790.7861,129106.26408662954,-315.477986629543,315.477986629543
2020-07-29,127688.0832,128432.19557331847,-744.1123733184795,744.1123733184795
2020-07-30,127212.8915,127357.39606350736,-144.50456350736204,144.50456350736204
2020-07-31,126972.0302,126825.03023150854,146.999968491451,146.999968491451
2020-08-01,126460.1257,126571.83570834702,-111.71000834701408,111.71000834701408
2020-08-02,126460.1257,126067.3806689024,392.74503109759826,392.74503109759826
2020-08-03,126460.1257,126016.04910557166,444.07659442834847,444.07659442834847
2020-08-04,126460.1972,125994.56882924309,465.62837075690913,465.62837075690913
2020-08-05,125774.0659,125988.98675460012,-214.9208546001173,214.9208546001173
2020-08-06,124947.714,125383.66363613504,-435.94963613503205,435.94963613503205
2020-08-07,124476.5147,124587.80098192317,-111.28628192316683,111.28628192316683
2020-08-08,123544.5478,124064.62925576764,-520.0814557676349,520.0814557676349
2020-08-09,123432.7974,123150.05521663044,282.7421833695553,282.7421833695553
2020-08-10,123157.3988,122987.57232831472,169.82647168527183,169.82647168527183
2020-08-11,122855.8065,122743.84735561216,111.9591443878453,111.9591443878453
2020-08-12,122688.9143,122439.10523356155,249.80906643845083,249.80906643845083
2020-08-13,122628.8045,122212.76009151076,416.04440848923696,416.04440848923696
2020-08-14,122508.7249,122111.51346606392,397.2114339360851,397.2114339360851
2020-08-15,122024.2728,121979.8053148739,44.46748512610793,44.46748512610793
2020-08-16,122022.0808,121556.01559515749,466.06520484251087,466.06520484251087
2020-08-17,122022.0808,121495.2029373944,526.877862605601,526.877862605601
2020-08-18,121759.0647,121502.19676513548,256.8679348645237,256.8679348645237
2020-08-19,121738.7276,121293.00164469064,445.72595530936087,445.72595530936087
2020-08-20,121695.6258,121269.45568750377,426.1701124962274,426.1701124962274
2020-08-21,121444.0999,121211.5260386442,232.573861355806,232.573861355806
2020-08-22,121946.1923,120973.64669535474,972.54560464526,972.54560464526
2020-08-23,121946.1923,121386.01907680163,560.1732231983624,560.1732231983624
2020-08-24,121946.4256,121448.98254934608,497.4430506539211,497.4430506539211
2020-08-25,121741.143,121498.78498724524,242.35801275476115,242.35801275476115
2020-08-26,121086.6316,121357.09963716682,-270.4680371668219,270.4680371668219
2020-08-27,118444.7436,120738.83557564468,-2294.091975644682,2294.091975644682
2020-08-28,117736.9939,118328.01421156968,-591.0203115696786,591.0203115696786
2020-08-29,117248.8005,117555.1789976412,-306.3784976411989,306.3784976411989
2020-08-30,117172.7614,117048.66902939467,124.09237060532905,124.09237060532905
2020-08-31,117165.0869,116907.758480799,257.3284192009887,257.3284192009887
2020-09-01,116737.0168,116876.83097376925,-139.81417376924946,139.81417376924946
2020-09-02,116047.5641,116441.31347863493,-393.7493786349223,393.7493786349223
